{
    "configurations": [
        {
            "name": "Win32",
            "includePath": [
                "${workspaceFolder}/**"
            ],
            "defines": [
                "_DEBUG",
                "UNICODE",
                "_UNICODE"
            ],
            "compilerPath": "C:\\Program Files (x86)\\Haskell Platform\\8.6.3\\mingw\\bin\\gcc.exe",
            "cStandard": "gnu11",
            "cppStandard": "c++17",
            "intelliSenseMode": "windows-gcc-x86"
        }
    ],
    "version": 4
}